name,alias,category,edible_pct,energy_kcal,protein_g,fat_g,carb_g,fiber_g,sodium_mg,source,src_code
纯牛奶(全脂),全脂牛奶|牛奶|纯牛奶,乳制品,100.0,65.0,3.3,3.6,4.9,0.0,63.7,中国食物成分表标准版(第6版),101101x
纯牛奶(低脂),低脂牛奶,乳制品,100.0,47.0,3.5,1.5,4.8,0.0,80.1,中国食物成分表标准版(第6版),101152x
纯牛奶(脱脂),脱脂牛奶,乳制品,100.0,34.0,3.5,0.3,4.6,0.0,127.3,中国食物成分表标准版(第6版),101161x
鲜牛奶(全脂),鲜奶|巴氏奶,乳制品,100.0,67.0,3.4,3.7,5.1,0.0,120.3,中国食物成分表标准版(第6版),101187x
酸奶(全脂),酸奶|无糖酸奶,乳制品,100.0,86.0,2.8,2.6,12.9,0,37.7,中国食物成分表标准版(第6版),103001x
酸奶(高蛋白),高蛋白酸奶|希腊酸奶,乳制品,100.0,62.0,3.2,2.2,7.3,0,43.0,中国食物成分表标准版(第6版),103002
酸奶(脱脂),脱脂酸奶,乳制品,100.0,57.0,3.3,0.4,10.0,0,27.7,中国食物成分表标准版(第6版),103003
鸡蛋(全蛋),鸡蛋|全蛋,蛋类,87.0,139.0,13.1,8.6,2.4,0.0,131.5,中国食物成分表标准版(第6版),111101x
鸡蛋(煮),水煮蛋|白煮蛋|茶叶蛋,蛋类,86.0,143.0,12.1,10.5,0.1,0.0,130.0,中国食物成分表标准版(第6版),111204
鸡蛋白,蛋白|蛋清,蛋类,100.0,60.0,11.6,0.1,3.1,0.0,79.4,中国食物成分表标准版(第6版),111105
鸡蛋黄,蛋黄,蛋类,100.0,328.0,15.2,28.2,3.4,0.0,54.9,中国食物成分表标准版(第6版),111107
荷包蛋(油煎),煎蛋|油煎蛋,蛋类,100.0,195.0,13.5,15.0,1.4,0.0,353.0,中国食物成分表标准版(第6版),111206
鹌鹑蛋,鹌鹑蛋(鲜),蛋类,86.0,160.0,12.8,11.1,2.1,0.0,106.6,中国食物成分表标准版(第6版),114101
皮蛋,松花蛋,蛋类,90.0,171.0,14.2,10.7,4.5,0.0,542.7,中国食物成分表标准版(第6版),112201
鸡肉(整鸡),鸡肉|鸡,禽肉,63.0,145.0,20.3,6.7,0.9,0.0,62.8,中国食物成分表标准版(第6版),091101x
鸡胸肉,鸡胸|鸡脯肉|鸡胸脯肉,禽肉,100.0,118.0,24.6,1.9,0.6,0.0,44.8,中国食物成分表标准版(第6版),091112
鸡腿,鸡腿肉,禽肉,74.0,146.0,20.2,7.2,0.0,0.0,73.6,中国食物成分表标准版(第6版),091113
鸡翅,鸡翅中|鸡翅膀,禽肉,69.0,202.0,19.0,11.5,5.5,0.0,50.8,中国食物成分表标准版(第6版),091114
鸡爪,凤爪|鸡脚,禽肉,60.0,254.0,23.9,16.4,2.7,0.0,169.0,中国食物成分表标准版(第6版),091111
烤鸡,烤鸡腿|烧鸡,禽肉,72.0,265.0,28.1,16.9,0.0,0.0,560.0,中国食物成分表标准版(第6版),091309
炸鸡块,肯德基|炸鸡,禽肉,70.0,279.0,20.3,17.3,10.5,0.0,755.0,中国食物成分表标准版(第6版),091303
牛肉(瘦),瘦牛肉|牛肉,畜肉,100.0,113.0,21.3,2.5,1.3,0.0,64.1,中国食物成分表标准版(第6版),082108x
牛里脊,牛柳|牛里脊肉,畜肉,100.0,107.0,22.2,0.9,2.4,0.0,75.1,中国食物成分表标准版(第6版),082105
牛后腿肉,牛腿肉,畜肉,100.0,106.0,20.9,2.0,1.1,0.0,45.4,中国食物成分表标准版(第6版),082103
牛腩,牛腹部肉,畜肉,100.0,332.0,17.1,29.3,0.0,0.0,0,中国食物成分表标准版(第6版),082116
酱牛肉,卤牛肉,畜肉,100.0,246.0,31.4,11.9,3.2,0.0,869.2,中国食物成分表标准版(第6版),082301
牛肉干,风干牛肉,畜肉,100.0,550.0,45.6,40.0,1.9,0.0,412.4,中国食物成分表标准版(第6版),082303
瘦猪肉,猪瘦肉|猪肉(瘦),畜肉,100.0,143.0,20.3,6.2,1.5,0.0,57.5,中国食物成分表标准版(第6版),081110
猪里脊,猪里脊肉,畜肉,100.0,150.0,19.6,7.9,0.0,0.0,43.2,中国食物成分表标准版(第6版),081129
猪肉(五花),五花肉|猪肋条肉,畜肉,96.0,568.0,9.3,59.0,0.0,0.0,80.0,中国食物成分表标准版(第6版),081105
培根,腊肉|烟肉,畜肉,100.0,181.0,22.3,9.0,2.6,0.0,51.2,中国食物成分表标准版(第6版),081304
火腿肠,香肠,畜肉,100.0,212.0,14.0,10.4,15.6,0.0,771.2,中国食物成分表标准版(第6版),081409
三文鱼,鲑鱼|大马哈鱼,水产,72.0,139.0,17.2,7.8,0.0,0.0,63.3,中国食物成分表标准版(第6版),121228
草鱼,白鲩|草包鱼,水产,58.0,96.0,17.7,2.6,0.5,0.0,36.0,中国食物成分表标准版(第6版),121131
鲫鱼,喜头鱼,水产,54.0,108.0,17.1,2.7,3.8,0.0,41.2,中国食物成分表标准版(第6版),121123
罗非鱼,非洲鲫鱼,水产,55.0,98.0,18.4,1.5,2.8,0.0,19.8,中国食物成分表标准版(第6版),121112
带鱼,刀鱼,水产,76.0,127.0,17.7,4.9,3.1,0.0,150.1,中国食物成分表标准版(第6版),121203
黄花鱼,黄鱼|大黄花鱼,水产,66.0,97.0,17.7,2.5,0.8,0.0,120.3,中国食物成分表标准版(第6版),121211
桂鱼,鳜鱼|花鲫鱼,水产,61.0,117.0,19.9,4.2,0.0,0.0,68.6,中国食物成分表标准版(第6版),121129
对虾,大虾|明虾,水产,61.0,93.0,18.6,0.8,2.8,0.0,165.2,中国食物成分表标准版(第6版),122106
基围虾,草虾,水产,60.0,101.0,18.2,1.4,3.9,0.0,172.0,中国食物成分表标准版(第6版),122109
河虾,青虾|小虾,水产,86.0,87.0,16.4,2.4,0.0,0.0,133.8,中国食物成分表标准版(第6版),122108
虾仁,虾肉,水产,100.0,199.0,20.8,0.6,27.7,0.0,272.6,中国食物成分表标准版(第6版),122206
虾皮,海米|虾米,水产,100.0,153.0,30.7,2.2,2.5,0.0,5057.7,中国食物成分表标准版(第6版),122205
扇贝,扇贝(鲜)|带子,水产,35.0,60.0,11.1,0.6,2.6,0.0,339.0,中国食物成分表标准版(第6版),124111
蛤蜊,花蛤|蚬子,水产,39.0,62.0,10.1,1.1,2.8,0.0,425.7,中国食物成分表标准版(第6版),124201x
生蚝,牡蛎|海蛎子,水产,100.0,57.0,10.9,1.5,0.0,0.0,270.0,中国食物成分表标准版(第6版),124109
贻贝,淡菜|壳菜|青口,水产,49.0,80.0,11.4,1.7,4.7,0.0,451.4,中国食物成分表标准版(第6版),124115
黄豆,大豆|黄豆(干),豆制品,100.0,390.0,35.0,16.0,34.2,15.5,2.2,中国食物成分表标准版(第6版),031101
豆浆,豆奶|无糖豆浆,豆制品,100.0,31.0,3.0,1.6,1.2,0,3.7,中国食物成分表标准版(第6版),031405
绿豆(干),绿豆,豆制品,100.0,329.0,21.6,0.8,62.0,6.4,3.2,中国食物成分表标准版(第6版),032101
豆腐(代表值),豆腐,豆制品,100.0,84.0,6.6,5.3,3.4,0,5.6,中国食物成分表标准版(第6版),031301x
豆腐(北豆腐),北豆腐|老豆腐|卤水豆腐,豆制品,100.0,116.0,9.2,8.1,3.0,0,7.3,中国食物成分表标准版(第6版),031306
豆腐(南豆腐),南豆腐|嫩豆腐|石膏豆腐,豆制品,100.0,87.0,5.7,5.8,3.9,0,3.1,中国食物成分表标准版(第6版),031307
豆腐(内酯),内酯豆腐|盒装豆腐,豆制品,100.0,50.0,5.0,1.9,3.3,0.4,6.4,中国食物成分表标准版(第6版),031304
豆腐脑,豆花|老豆腐(脑),豆制品,100.0,15.0,1.9,0.8,0.0,0,2.8,中国食物成分表标准版(第6版),031305
豆腐干,香干|豆干,豆制品,100.0,152.0,15.8,7.8,5.1,0.8,234.1,中国食物成分表标准版(第6版),031516
豆腐丝,干豆腐丝,豆制品,100.0,203.0,21.5,10.5,6.2,1.1,20.6,中国食物成分表标准版(第6版),031501
千张,百页|百叶,豆制品,100.0,262.0,24.5,16.0,5.5,1.0,20.6,中国食物成分表标准版(第6版),031509
腐竹,枝竹|腐竹(干),豆制品,100.0,461.0,44.6,21.7,22.3,1.0,26.5,中国食物成分表标准版(第6版),031507
油豆腐,豆泡|豆腐泡,豆制品,100.0,245.0,17.0,17.6,4.9,0.6,32.5,中国食物成分表标准版(第6版),031506
素鸡,素鸡卷,豆制品,100.0,194.0,16.5,12.5,4.2,0.9,373.8,中国食物成分表标准版(第6版),031522
大米(生),稻米|生米|白米,主食,100.0,346.0,7.9,0.9,77.2,0.6,1.8,中国食物成分表标准版(第6版),012001x
米饭(熟),白米饭|米饭,主食,100.0,116.0,2.6,0.3,25.9,0.3,2.5,中国食物成分表标准版(第6版),012401x
糙米(生),糙米,主食,100.0,348.0,7.7,2.7,75.0,3.4,5.4,中国食物成分表标准版(第6版),012216
黑米(生),黑米,主食,100.0,341.0,9.4,2.5,72.2,3.9,7.1,中国食物成分表标准版(第6版),012212
糯米(生),江米|糯米,主食,100.0,350.0,7.3,1.0,78.3,0.8,1.5,中国食物成分表标准版(第6版),012301
米粥,白粥|稀饭|粳米粥,主食,100.0,46.0,1.1,0.3,9.9,0.1,2.8,中国食物成分表标准版(第6版),012404
面粉(生),小麦粉|白面,主食,100.0,359.0,12.4,1.7,74.1,0.8,14.1,中国食物成分表标准版(第6版),011201x
馒头,馒头(标准粉)|馍,主食,100.0,223.0,7.0,1.1,47.0,1.3,165.1,中国食物成分表标准版(第6版),011404x
面条(熟),煮面|切面(煮),主食,100.0,107.0,3.9,0.4,22.8,0,26.9,中国食物成分表标准版(第6版),011317
挂面(生),干面条|龙须面,主食,100.0,363.0,13.0,1.5,74.7,0,110.6,中国食物成分表标准版(第6版),011313
花卷,花卷(加牛奶),主食,100.0,214.0,6.4,1.0,45.6,1.5,95.0,中国食物成分表标准版(第6版),011401
烙饼,饼|标准粉烙饼,主食,100.0,258.0,7.5,2.3,52.9,1.9,149.3,中国食物成分表标准版(第6版),011403
油条,炸油条,主食,100.0,388.0,6.9,17.6,51.0,0.9,585.2,中国食物成分表标准版(第6版),011409
燕麦片,燕麦|麦片,主食,100.0,338.0,10.1,0.2,77.4,6.0,2.1,中国食物成分表标准版(第6版),019012
玉米(鲜),玉米|甜玉米|玉米棒,主食,46.0,112.0,4.0,1.2,22.8,2.9,1.1,中国食物成分表标准版(第6版),013101
水面筋,面筋,主食,100.0,142.0,23.5,0.1,12.3,0.9,15.0,中国食物成分表标准版(第6版),011501
油面筋,炸面筋,主食,100.0,492.0,26.9,25.1,40.4,1.3,29.5,中国食物成分表标准版(第6版),011502
粉丝,粉丝(干),主食,100.0,338.0,0.8,0.2,83.7,1.1,9.3,中国食物成分表标准版(第6版),022201
粉条,粉条(干)|宽粉,主食,100.0,338.0,0.5,0.1,84.2,0.6,9.6,中国食物成分表标准版(第6版),022203
土豆(生),马铃薯|洋芋,薯类,94.0,81.0,2.6,0.2,17.8,1.1,5.9,中国食物成分表标准版(第6版),021101
土豆(蒸),蒸土豆|马铃薯(蒸),薯类,100.0,69.0,3.0,0,15.3,0.2,3.0,中国食物成分表标准版(第6版),021106
红薯,甘薯|山芋|地瓜,薯类,90.0,61.0,0.7,0.2,15.3,0,70.9,中国食物成分表标准版(第6版),021205
山药,薯蓣,薯类,83.0,57.0,1.9,0.2,12.4,0.8,18.6,中国食物成分表标准版(第6版),047104
大白菜,白菜,蔬菜,89.0,20.0,1.6,0.2,3.4,0.9,68.9,中国食物成分表标准版(第6版),045101x
小白菜,青菜,蔬菜,94.0,14.0,1.4,0.3,2.4,0,132.2,中国食物成分表标准版(第6版),045120
西兰花,绿菜花|青花菜,蔬菜,83.0,27.0,3.5,0.6,3.7,0,46.7,中国食物成分表标准版(第6版),045217
菜花,花椰菜|白花菜,蔬菜,82.0,20.0,1.7,0.2,4.2,2.1,39.2,中国食物成分表标准版(第6版),045216
菠菜,赤根菜,蔬菜,89.0,28.0,2.6,0.3,4.5,1.7,85.2,中国食物成分表标准版(第6版),045301
生菜,叶用莴苣,蔬菜,94.0,12.0,1.6,0.4,1.1,0,16.1,中国食物成分表标准版(第6版),045333
油麦菜,莜麦菜,蔬菜,81.0,12.0,1.1,0.4,2.1,0,32.0,中国食物成分表标准版(第6版),045334
芹菜,芹菜茎,蔬菜,67.0,22.0,1.2,0.2,4.5,1.2,159.0,中国食物成分表标准版(第6版),045312
空心菜,蕹菜|藤藤菜,蔬菜,100.0,19.0,2.2,0.2,4.0,0,107.6,中国食物成分表标准版(第6版),045337
茼蒿,蓬蒿菜,蔬菜,82.0,24.0,1.9,0.3,3.9,1.2,161.3,中国食物成分表标准版(第6版),045321
苋菜,红苋菜,蔬菜,73.0,35.0,2.8,0.4,5.9,1.8,42.3,中国食物成分表标准版(第6版),045320
番茄,西红柿,蔬菜,97.0,15.0,0.9,0.2,3.3,0,9.7,中国食物成分表标准版(第6版),043119
黄瓜,胡瓜,蔬菜,92.0,16.0,0.8,0.2,2.9,0.5,4.9,中国食物成分表标准版(第6版),043208
茄子,紫皮茄子,蔬菜,93.0,23.0,1.1,0.2,4.9,1.3,5.4,中国食物成分表标准版(第6版),043101x
甜椒,灯笼椒|柿子椒|彩椒,蔬菜,82.0,18.0,1.0,0.2,3.8,0,0,中国食物成分表标准版(第6版),043124
南瓜,倭瓜|番瓜,蔬菜,85.0,23.0,0.7,0.1,5.3,0.8,0.8,中国食物成分表标准版(第6版),043213
苦瓜,凉瓜,蔬菜,81.0,22.0,1.0,0.1,4.9,1.4,2.5,中国食物成分表标准版(第6版),043212
西葫芦,角瓜,蔬菜,73.0,19.0,0.8,0.2,3.8,0.6,5.0,中国食物成分表标准版(第6版),043218
秋葵,羊角豆,蔬菜,98.0,25.0,1.8,0.2,6.2,1.8,8.7,中国食物成分表标准版(第6版),043126
毛豆,青豆|菜用大豆,蔬菜,53.0,131.0,13.1,5.0,10.5,4.0,3.9,中国食物成分表标准版(第6版),042109
香菇(鲜),香菇|冬菇|香蕈,蔬菜,100.0,26.0,2.2,0.3,5.2,3.3,1.4,中国食物成分表标准版(第6版),051019
香菇(干),干香菇,蔬菜,95.0,274.0,20.0,1.2,61.7,31.6,11.2,中国食物成分表标准版(第6版),051020
木耳(干),黑木耳|云耳|木耳,蔬菜,100.0,265.0,12.1,1.5,65.6,29.9,48.5,中国食物成分表标准版(第6版),051013
金针菇,智力菇,蔬菜,100.0,32.0,2.4,0.4,6.0,2.7,4.3,中国食物成分表标准版(第6版),051008
蘑菇,鲜蘑|口蘑,蔬菜,99.0,24.0,2.7,0.1,4.1,2.1,8.3,中国食物成分表标准版(第6版),051011
银耳(干),白木耳|银耳,蔬菜,96.0,261.0,10.0,1.4,67.3,30.4,82.1,中国食物成分表标准版(第6版),051024
海带(鲜),海带|江白菜,蔬菜,100.0,13.0,1.2,0.1,2.1,0.5,8.6,中国食物成分表标准版(第6版),052002
紫菜(干),紫菜,蔬菜,100.0,250.0,26.7,1.1,44.1,21.6,710.5,中国食物成分表标准版(第6版),052008
苹果,红富士|苹果(代表值),水果,85.0,53.0,0.4,0.2,13.7,1.7,1.3,中国食物成分表标准版(第6版),061101x
梨,雪梨|鸭梨,水果,82.0,51.0,0.3,0.1,13.1,2.6,1.7,中国食物成分表标准版(第6版),061201x
香蕉,甘蕉|蕉,水果,59.0,93.0,1.4,0.2,22.0,1.2,0.8,中国食物成分表标准版(第6版),065033
橙子,橙|甜橙,水果,74.0,48.0,0.8,0.2,11.1,0.6,1.2,中国食物成分表标准版(第6版),064101
橘子,橘|蜜橘|桔子,水果,76.0,45.0,0.8,0.4,10.3,1.4,1.3,中国食物成分表标准版(第6版),064206
葡萄,提子|巨峰葡萄,水果,86.0,45.0,0.4,0.3,10.3,1.0,1.9,中国食物成分表标准版(第6版),063101x
草莓,洋莓,水果,97.0,32.0,1.0,0.2,7.1,1.1,4.2,中国食物成分表标准版(第6版),063910
猕猴桃,奇异果,水果,83.0,61.0,0.8,0.6,14.5,2.6,10.0,中国食物成分表标准版(第6版),063909
桃子,桃|水蜜桃,水果,89.0,42.0,0.6,0.1,10.1,1.0,1.7,中国食物成分表标准版(第6版),062101x
西瓜,西瓜(代表值),水果,59.0,31.0,0.5,0.3,6.8,0.2,3.3,中国食物成分表标准版(第6版),066201x
哈密瓜,甜瓜|香瓜,水果,71.0,34.0,0.5,0.1,7.9,0.2,26.7,中国食物成分表标准版(第6版),066103
柿子,柿,水果,87.0,74.0,0.4,0.1,18.5,1.4,0.8,中国食物成分表标准版(第6版),063301
芒果,望果,水果,60.0,35.0,0.6,0.2,8.3,1.3,2.8,中国食物成分表标准版(第6版),065011
火龙果,红龙果|仙蜜果,水果,69.0,55.0,1.1,0.2,13.3,1.6,2.7,中国食物成分表标准版(第6版),065023
荔枝,荔枝(鲜),水果,73.0,71.0,0.9,0.2,16.6,0.5,1.7,中国食物成分表标准版(第6版),065010
榴莲,榴莲(鲜),水果,37.0,150.0,2.6,3.3,28.3,1.7,2.9,中国食物成分表标准版(第6版),065025
木瓜,番木瓜,水果,86.0,29.0,0.4,0.1,7.0,0.8,28.0,中国食物成分表标准版(第6版),065012
菠萝,凤梨,水果,68.0,44.0,0.5,0.1,10.8,1.3,0.8,中国食物成分表标准版(第6版),065002
牛油果,鳄梨,水果,100.0,171.0,2.0,15.3,7.4,2.1,10.0,中国食物成分表标准版(第6版),061227
核桃(干),胡桃|核桃仁,坚果种子,43.0,646.0,14.9,58.8,19.1,9.5,6.4,中国食物成分表标准版(第6版),071004
杏仁,巴旦木|大杏仁,坚果种子,100.0,578.0,22.5,45.4,23.9,8.0,8.3,中国食物成分表标准版(第6版),071014
腰果,腰果(熟),坚果种子,100.0,615.0,24.0,50.9,20.4,10.4,35.7,中国食物成分表标准版(第6版),071036
开心果,开心果(熟),坚果种子,82.0,631.0,20.6,53.0,21.9,8.2,756.4,中国食物成分表标准版(第6版),071039
榛子,榛子(干),坚果种子,27.0,561.0,20.0,44.8,24.3,9.6,4.7,中国食物成分表标准版(第6版),071024
板栗,栗子|板栗(熟),坚果种子,78.0,214.0,4.8,1.5,46.0,1.2,0,中国食物成分表标准版(第6版),071010
花生仁(生),花生|生花生,坚果种子,100.0,574.0,24.8,44.3,21.7,5.5,3.6,中国食物成分表标准版(第6版),072004
花生仁(炒),炒花生|花生米,坚果种子,100.0,589.0,23.9,44.4,25.7,4.3,445.1,中国食物成分表标准版(第6版),072005
葵花子仁,瓜子|葵花籽,坚果种子,100.0,615.0,19.1,53.4,16.7,4.5,5.0,中国食物成分表标准版(第6版),072008
橄榄油,橄榄油(食用油),油脂,100.0,899.0,0,99.9,0.0,0.0,0,中国食物成分表标准版(第6版),192019
花生油,花生油(食用油),油脂,100.0,899.0,0,99.9,0.0,0,3.5,中国食物成分表标准版(第6版),192007
大豆油,豆油|色拉油,油脂,100.0,899.0,0,99.9,0.0,0,4.9,中国食物成分表标准版(第6版),192004
蓝莓,blueberry|越橘,水果,100.0,57.0,0.7,0.3,14.5,2.4,1.0,USDA FoodData Central (SR Legacy),fdcId 171711
芝麻酱,麻酱|纯芝麻酱,坚果种子,100.0,595.0,17.0,53.8,21.2,9.3,115.0,USDA FoodData Central (SR Legacy),fdcId 170189
